<?xml version="1.0" encoding="UTF-8" ?>
<theme label="Classic&#x2014;Two Column">

<description>
This theme produces hardcopies styled as hardcopies were prior to version 2.18.
</description>

<preamble>
\documentclass[11pt]{amsart}
\usepackage{webwork2}
\usepackage{pslatex}
\usepackage{fullpage}
\setlength{\columnsep}{.25in}
\setlength{\columnseprule}{.4pt}
\parindent=0pt
\begin{document}
</preamble>

<presetheader>
\noindent {\large \bfseries \webworkFirstName\ \webworkLastName}
\hfill
{\large \bfseries \webworkCourseName}
\par
\ifx\webworkSetId\empty\else\noindent{\large \bfseries {\webworkLocalizeAssignment\ \webworkSetId\ due \webworkDueDate}}\fi
</presetheader>

<postsetheader>
\medskip\hrule\nobreak\smallskip
\begin{multicols}{2}\raggedcolumns
</postsetheader>

<problemheader>
{\bfseries\webworkLocalizeProblem~\ifthenelse{\equal{\webworkProblemNumber}{}}{\#}{\webworkProblemNumber}.}
{\bfseries\footnotesize(\ifthenelse{\equal{\webworkProblemWeight}{}}{\#}{\webworkProblemWeight}~\webworkLocalizePoint)}
\nobreak
\smallskip
</problemheader>

<problemfooter></problemfooter>

<problemdivider>
\vfill
\goodbreak
\hrule
\nobreak
\smallskip
</problemdivider>

<setfooter>
\end{multicols}\nobreak\noindent {\tiny Generated by \copyright WeBWorK, https://openwebwork.org, The~WeBWorK~Project}
</setfooter>

<setdivider>
\newpage%
\setcounter{page}{1}%
</setdivider>

<userdivider>
\newpage%
\setcounter{page}{1}%
</userdivider>

<postamble>

\vfill
\end{document}
</postamble>

</theme>
